"PC1","PC2","variable","r2","p"
0.0163617102337039,-0.00783318534086364,"age",0.000329064354356011,0.993
-0.172531016641164,-0.0265103369968674,"bmi",0.0304697496709212,0.457
-0.0803102082337253,0.128919362183123,"crp",0.0230699314922475,0.547
-0.16572792652014,-0.335235358209245,"calprotectin",0.139848491022346,0.028
0.00641526323176395,-0.0289550452328866,"timepoint",0.00087955024677133,0.981
